Key,Id,Shared Comments,Korean(ko),English(en),ja,zh-CN
PlayerUI.Intro line 1,,TextProfile=PlayerUI.Dialogue,...여긴 어디지?,wa,,
PlayerUI.Intro line 2,,TextProfile=PlayerUI.Dialogue,내가 왜 여기 있는 거지?,,,
PlayerUI.Intro line 3,,TextProfile=PlayerUI.Dialogue,우선... 주변을 둘러보자.,,,
PlayerUI.Ending1 line 1,,TextProfile=PlayerUI.Dialogue,그건 도대체 뭐였을까?,,,
PlayerUI.Ending1 line 2,,TextProfile=PlayerUI.Dialogue,저곳은 뭘 하는 곳이었을까?,,,
PlayerUI.Ending1 line 3,,TextProfile=PlayerUI.Dialogue,나는 왜 저기 있었던 거지?,,,
PlayerUI.Ending Monitor1check line1,,TextProfile=PlayerUI.Dialogue,한 가지 찝찝한 것이 있다.,,,
PlayerUI.Ending Monitor1check line2,,TextProfile=PlayerUI.Dialogue,그 괴물은 형체를 알아볼 수 없을정 도로 짓이긴다는데,,,
PlayerUI.Ending Monitor1check line3,,TextProfile=PlayerUI.Dialogue,그렇다면 그 많은 시체는 뭐지?,,,
PlayerUI.Ending 2-6Check line1,,TextProfile=PlayerUI.Dialogue,한 가지는 알 것 같다.,,,
PlayerUI.Ending 2-6Check line2,,TextProfile=PlayerUI.Dialogue,저 사람들은 그 괴물을 이용하려 했고 결국 실패했다.,,,
PlayerUI.Ending 2-6Check line3,,TextProfile=PlayerUI.Dialogue,그 실패가 저 참상을 만들어낸 걸까?,,,
NormalNote.볼트커터 획득 시,,TextProfile=Note.Normal,볼트 커터를 주웠다.,,,
NormalNote.카드키 획득 시,,TextProfile=Note.Normal,카드키를 주웠다.,,,
NormalNote.도어 오프너 획득 시,,TextProfile=Note.Normal,이거라면 정문을 해체할 수 있을 것 같다.,,,
NormalNote.사다리 획득 시,,TextProfile=Note.Normal,사다리를 얻었다. 환풍구에 올라갈 수 있겠지?,,,
NormalNote.오프너가 없는 상태에서 정문을 열려고 할 때,,TextProfile=Note.Normal,문을 열수가 없다.,,,
NormalNote.카드키가 필요한데 없을 때,,TextProfile=Note.Normal,카드키가 필요하다.,,,
NormalNote.전력을 복구하지 않은 상황에서 전력이 필요한 오브젝트와 상호작용 시,,TextProfile=Note.Normal,전력을 공급해야 한다.,,,
NormalNote.죽었다가 재시작 했을 때,,TextProfile=Note.Normal,정신이 든다. 불을 켜보자,,,
NormalNote.볼트 커터가 필요한데 없을 때,,TextProfile=Note.Normal,"사슬이 걸려있다.
볼트 커터를 찾아보자.",,,
NormalNote.사다리 없이 환풍구와 상호작용 시,,TextProfile=Note.Normal,사다리가 있으면 올라갈 수 있을 것 같다.,,,
NormalNote.책꽂이 상호작용,,TextProfile=Note.Normal,"책꽂이가 있다.
SF 소설책, 잡지, 성경책이 있다.",,,
SpecialNote.Special.002,,TextProfile=Special.Monitor_2_6,"인간의 욕심은 끝이 없어,
신의 영역까지 넘보고 있다.

하지만...

공익을 위해서... 그래, 대의를 위해서라면
양심을 버려야할 때도 있는 거겠지.",,,
SpecialNote.Special.003,,TextProfile=Special.DemonWarning,빛을 쫓아오고 있(여기서 끊김),,,
SpecialNote.Special.004,,TextProfile=Special.DoorOpenerStorage,상호작용 키를 연타해 유리를 깨세요.,,,
SpecialNote.Special.005,,TextProfile=Special.MainGateWithOpener,상호작용키를 연타해 문을 해체하세요.,,,
SpecialNote.Special.006,,TextProfile=Special.MainGateHint,"연구원1: 문을 수동으로 해체하는 방법 알아?

연구원2: 문을 왜 수동으로 열어?

연구원1: 내가 영화에서 봤는데 유압 오프너를 사용해서 고장난 철문을 열더라고. 그런데 창고에 똑같은 오프너가 있더라.

연구원2: 무슨 미션임파서블 찍냐?

연구원1: 왜, 그 게시판들에 전기가 끊기면 어떻게 대처하라고 메뉴얼이 나와 있잖아. 자가발전도 되는 곳인데 그런 메뉴얼이 반복적으로 써있으니 혹시나 하는 거지.

연구원2: 쓸데없는 소리 말고 보고서나 작성해라. 내일도 실험 있다.",,,
SpecialNote.Special.007,,TextProfile=Special.UnknownNote,"이 글을 볼 누군가에게 
미안하다. 우리는 실패했다.
아니, 어쩌면 처음부터 오만했다.
우리는 저 괴물을 이용할 수 있을 것이라 판단했다.
하지만 반대였다.
미안하다. 미안하다. 미안하(여기서 끊김)",,,
SpecialNote.Special.008,,TextProfile=Special.PowerWarning,"[전력 이상 발생 시]
전력이 불안정할 경우 지하 전력 
관리실의 배전반을 확인하십시오.",,,
SpecialNote.Special.009,,TextProfile=Special.PowerOutage,"[정전 발생 시]
정전 발생 시 비상 발전기가 가동됩니다.
침착하게 전력 관리실을 확인하십시오.",,,
SpecialNote.Special.010,,TextProfile=Special.DormEntrance,숫자 3이 보인다.,,,
SpecialNote.Special.011,,TextProfile=Special.WorkshopBoard,"[연구 작업실 이용 안내]
본 작업실은 보고서 작성 및 행정 업무를 위한 공간입니다.
PC는 업무 목적으로만 사용하십시오.

*컴퓨터로 게임하지 마십시오.",,,
SpecialNote.Special.012,,TextProfile=Special.ResearcherChat,"연구원1: 그 실험체 DE5i1은 도대체 뭐야?

연구원2: 나도 선배한테 살짝 물어봤는데 선배말로는 정체를 아는 사람은 없는 것 같다는데? 총책임자를 포함해서 말이야. 겉모습만 봤을때는 악마같은데 말이야.

연구원1: 그러게. 내가 여기와서 처음으로 악마나 귀신을 믿게됐잖냐. 진짜 악마인가?

연구원2: 어쩌면 정체를 알아내는 것이 연구 목적일수도 있고.",,,
SpecialNote.Special.013,,TextProfile=Special.SecurityNote,"나는 이제 전력을 복구한 뒤 생존자를 찾을 것이다.
생활동 지하실에서 무전이 와서 그곳을 먼저 수색한 후 기숙사로 이동할 예정이다.
실험실 출입구의 비밀번호를 바꿨다. 바꾼 번호는 수색하면서 남길 테니 뒤를 부탁한다.

추신: 실험체의 지능이 상당히 높아 보여 이런 조치를 취했다. 의미가 있을지는 모르겠지만, 극도로 주의해라.",,,
SpecialNote.Special.014,,TextProfile=Special.USB,초기 실험 내용 정리본입니다. 확인 후 검토 부탁드립니다.,,,
